{
	"Gate Swap" : [],
	"Ref Des" : [],
	"Pin Swap" : [],
	"Component Property" : [],
	"Net Property" : [
		{
			"Name" : "ICSP SDA",
			"C_PATH" : "@\\egr314 - individual schematic - emittlem\\.schematic1(sch_1):\\icsp sda\\",
			"PropName" : "DIFFERENTIAL_PAIR",
			"Logical" : null,
			"Physical" : "DP_ICSP"
		},
		{
			"Name" : "ICSP SCL",
			"C_PATH" : "@\\egr314 - individual schematic - emittlem\\.schematic1(sch_1):\\icsp scl\\",
			"PropName" : "DIFFERENTIAL_PAIR",
			"Logical" : null,
			"Physical" : "DP_ICSP"
		},
		{
			"Name" : "SCL",
			"C_PATH" : "@\\egr314 - individual schematic - emittlem\\.schematic1(sch_1):scl",
			"PropName" : "DIFFERENTIAL_PAIR",
			"Logical" : null,
			"Physical" : "DP_I2C"
		},
		{
			"Name" : "TX",
			"C_PATH" : "@\\egr314 - individual schematic - emittlem\\.schematic1(sch_1):tx",
			"PropName" : "DIFFERENTIAL_PAIR",
			"Logical" : null,
			"Physical" : "DP_UART"
		},
		{
			"Name" : "SDA",
			"C_PATH" : "@\\egr314 - individual schematic - emittlem\\.schematic1(sch_1):sda",
			"PropName" : "DIFFERENTIAL_PAIR",
			"Logical" : null,
			"Physical" : "DP_I2C"
		},
		{
			"Name" : "RX",
			"C_PATH" : "@\\egr314 - individual schematic - emittlem\\.schematic1(sch_1):rx",
			"PropName" : "DIFFERENTIAL_PAIR",
			"Logical" : null,
			"Physical" : "DP_UART"
		}
	],
	"Pin Property" : [],
	"Component" : [],
	"Net" : [],
	"Connection" : []
}
